	Averages			
	1 Core	2 Cores	4 Cores	8 Cores
1000 Requests	0.048972862	0.04755353	0.049315805	0.048098352
10000 Requests	0.30775537	0.252566774	0.28934859	0.295387022
100000 Requests	2.812826707	2.252746167	2.671833007	2.740320506
